time,open,high,low,close,vwap,volume,count
1499924700,186.50033,191.20473,186.0,189.50088,188.86999,2372.37790572,421
1499925600,189.0,189.84599,187.33607,187.79993,189.3969,3150.93491028,431
1499926500,187.79993,188.5,186.5,187.079,187.22839,895.62935293,252
