time,open,high,low,close,vwap,volume,count
1499927400,1807.079,187.079,184.77,184.81499,185.2219,2314.15792918,4390
1499928300,1804.81605,185.30993,184.0,185.15,184.44554,1411.10366436,3030
1499929200,1805.15,186.273,184.8795,185.5705,185.36152,1189.81421365,2440
